{"soundBGM":0.33571428060531618,"soundSFX":0.7214285731315613}