{"soundBGM":0.6913208961486816,"soundSFX":0.4699716567993164}