{"soundBGM":0.4312097728252411,"soundSFX":0.8231698870658875}