{"audio":"{\"soundBGM\":0.858199954032898,\"soundSFX\":0.17153161764144898}","match":"{\"1\":1,\"2\":0,\"3\":0,\"4\":0}"}