{"audio":"{\"soundBGM\":0.05449492856860161,\"soundSFX\":0.53099125623703}","match":"{\"1\":8,\"2\":2,\"3\":0,\"4\":0}"}