{"audio":"{\"soundBGM\":0.35810524225234988,\"soundSFX\":0.6301658749580383}","match":"{\"1\":8,\"2\":2,\"3\":0,\"4\":0}"}