{"soundBGM":0.41154757142066958,"soundSFX":0.9976297616958618}